--
-- PostgreSQL database dump
--

-- Dumped from database version 16.4
-- Dumped by pg_dump version 16.4

-- Started on 2025-05-29 13:19:40

SET statement_timeout = 0;
SET lock_timeout = 0;
SET idle_in_transaction_session_timeout = 0;
SET client_encoding = 'UTF8';
SET standard_conforming_strings = on;
SELECT pg_catalog.set_config('search_path', '', false);
SET check_function_bodies = false;
SET xmloption = content;
SET client_min_messages = warning;
SET row_security = off;

SET default_tablespace = '';

SET default_table_access_method = heap;

--
-- TOC entry 242 (class 1259 OID 24763)
-- Name: AdminActs; Type: TABLE; Schema: public; Owner: postgres
--

CREATE TABLE public."AdminActs" (
    "Id" integer NOT NULL,
    "Action" text NOT NULL,
    "AdminId" integer NOT NULL
);


ALTER TABLE public."AdminActs" OWNER TO postgres;

--
-- TOC entry 241 (class 1259 OID 24762)
-- Name: AdminActs_Id_seq; Type: SEQUENCE; Schema: public; Owner: postgres
--

ALTER TABLE public."AdminActs" ALTER COLUMN "Id" ADD GENERATED BY DEFAULT AS IDENTITY (
    SEQUENCE NAME public."AdminActs_Id_seq"
    START WITH 1
    INCREMENT BY 1
    NO MINVALUE
    NO MAXVALUE
    CACHE 1
);


--
-- TOC entry 240 (class 1259 OID 24755)
-- Name: Admins; Type: TABLE; Schema: public; Owner: postgres
--

CREATE TABLE public."Admins" (
    "Id" integer NOT NULL,
    "Name" text,
    "Surname" text,
    "Login" text DEFAULT ''::text NOT NULL,
    "Password" text DEFAULT ''::text NOT NULL
);


ALTER TABLE public."Admins" OWNER TO postgres;

--
-- TOC entry 239 (class 1259 OID 24754)
-- Name: Admins_Id_seq; Type: SEQUENCE; Schema: public; Owner: postgres
--

ALTER TABLE public."Admins" ALTER COLUMN "Id" ADD GENERATED BY DEFAULT AS IDENTITY (
    SEQUENCE NAME public."Admins_Id_seq"
    START WITH 1
    INCREMENT BY 1
    NO MINVALUE
    NO MAXVALUE
    CACHE 1
);


--
-- TOC entry 220 (class 1259 OID 24596)
-- Name: Adresses; Type: TABLE; Schema: public; Owner: postgres
--

CREATE TABLE public."Adresses" (
    "Id" integer NOT NULL,
    "UserId" integer NOT NULL,
    "City" text NOT NULL,
    "Street" text NOT NULL,
    "House" text NOT NULL,
    "Apartament" text NOT NULL
);


ALTER TABLE public."Adresses" OWNER TO postgres;

--
-- TOC entry 219 (class 1259 OID 24595)
-- Name: Adresses_Id_seq; Type: SEQUENCE; Schema: public; Owner: postgres
--

ALTER TABLE public."Adresses" ALTER COLUMN "Id" ADD GENERATED BY DEFAULT AS IDENTITY (
    SEQUENCE NAME public."Adresses_Id_seq"
    START WITH 1
    INCREMENT BY 1
    NO MINVALUE
    NO MAXVALUE
    CACHE 1
);


--
-- TOC entry 222 (class 1259 OID 24609)
-- Name: Brands; Type: TABLE; Schema: public; Owner: postgres
--

CREATE TABLE public."Brands" (
    "Id" integer NOT NULL,
    "Name" text NOT NULL,
    "Country" text NOT NULL
);


ALTER TABLE public."Brands" OWNER TO postgres;

--
-- TOC entry 221 (class 1259 OID 24608)
-- Name: Brands_Id_seq; Type: SEQUENCE; Schema: public; Owner: postgres
--

ALTER TABLE public."Brands" ALTER COLUMN "Id" ADD GENERATED BY DEFAULT AS IDENTITY (
    SEQUENCE NAME public."Brands_Id_seq"
    START WITH 1
    INCREMENT BY 1
    NO MINVALUE
    NO MAXVALUE
    CACHE 1
);


--
-- TOC entry 247 (class 1259 OID 32797)
-- Name: CartItems; Type: TABLE; Schema: public; Owner: postgres
--

CREATE TABLE public."CartItems" (
    "Id" integer NOT NULL,
    "UserId" integer NOT NULL,
    "ProductVariantId" integer NOT NULL,
    "Count" integer NOT NULL,
    "Size" text DEFAULT ''::text NOT NULL
);


ALTER TABLE public."CartItems" OWNER TO postgres;

--
-- TOC entry 246 (class 1259 OID 32796)
-- Name: CartItems_Id_seq; Type: SEQUENCE; Schema: public; Owner: postgres
--

ALTER TABLE public."CartItems" ALTER COLUMN "Id" ADD GENERATED BY DEFAULT AS IDENTITY (
    SEQUENCE NAME public."CartItems_Id_seq"
    START WITH 1
    INCREMENT BY 1
    NO MINVALUE
    NO MAXVALUE
    CACHE 1
);


--
-- TOC entry 224 (class 1259 OID 24617)
-- Name: Categories; Type: TABLE; Schema: public; Owner: postgres
--

CREATE TABLE public."Categories" (
    "Id" integer NOT NULL,
    "Name" text NOT NULL
);


ALTER TABLE public."Categories" OWNER TO postgres;

--
-- TOC entry 223 (class 1259 OID 24616)
-- Name: Categories_Id_seq; Type: SEQUENCE; Schema: public; Owner: postgres
--

ALTER TABLE public."Categories" ALTER COLUMN "Id" ADD GENERATED BY DEFAULT AS IDENTITY (
    SEQUENCE NAME public."Categories_Id_seq"
    START WITH 1
    INCREMENT BY 1
    NO MINVALUE
    NO MAXVALUE
    CACHE 1
);


--
-- TOC entry 226 (class 1259 OID 24625)
-- Name: Colors; Type: TABLE; Schema: public; Owner: postgres
--

CREATE TABLE public."Colors" (
    "Id" integer NOT NULL,
    "Name" text NOT NULL
);


ALTER TABLE public."Colors" OWNER TO postgres;

--
-- TOC entry 225 (class 1259 OID 24624)
-- Name: Colors_Id_seq; Type: SEQUENCE; Schema: public; Owner: postgres
--

ALTER TABLE public."Colors" ALTER COLUMN "Id" ADD GENERATED BY DEFAULT AS IDENTITY (
    SEQUENCE NAME public."Colors_Id_seq"
    START WITH 1
    INCREMENT BY 1
    NO MINVALUE
    NO MAXVALUE
    CACHE 1
);


--
-- TOC entry 238 (class 1259 OID 24738)
-- Name: FavoriteProducts; Type: TABLE; Schema: public; Owner: postgres
--

CREATE TABLE public."FavoriteProducts" (
    "UserId" integer NOT NULL,
    "ProductVariantId" integer NOT NULL
);


ALTER TABLE public."FavoriteProducts" OWNER TO postgres;

--
-- TOC entry 228 (class 1259 OID 24633)
-- Name: GenderTypes; Type: TABLE; Schema: public; Owner: postgres
--

CREATE TABLE public."GenderTypes" (
    "Id" integer NOT NULL,
    "Name" text NOT NULL
);


ALTER TABLE public."GenderTypes" OWNER TO postgres;

--
-- TOC entry 227 (class 1259 OID 24632)
-- Name: GenderTypes_Id_seq; Type: SEQUENCE; Schema: public; Owner: postgres
--

ALTER TABLE public."GenderTypes" ALTER COLUMN "Id" ADD GENERATED BY DEFAULT AS IDENTITY (
    SEQUENCE NAME public."GenderTypes_Id_seq"
    START WITH 1
    INCREMENT BY 1
    NO MINVALUE
    NO MAXVALUE
    CACHE 1
);


--
-- TOC entry 251 (class 1259 OID 32826)
-- Name: OrderItems; Type: TABLE; Schema: public; Owner: postgres
--

CREATE TABLE public."OrderItems" (
    "Id" integer NOT NULL,
    "ProductVariantId" integer NOT NULL,
    "OrderId" integer NOT NULL,
    "Price" numeric NOT NULL,
    "Count" integer NOT NULL,
    "Size" text DEFAULT ''::text NOT NULL
);


ALTER TABLE public."OrderItems" OWNER TO postgres;

--
-- TOC entry 250 (class 1259 OID 32825)
-- Name: OrderItems_Id_seq; Type: SEQUENCE; Schema: public; Owner: postgres
--

ALTER TABLE public."OrderItems" ALTER COLUMN "Id" ADD GENERATED BY DEFAULT AS IDENTITY (
    SEQUENCE NAME public."OrderItems_Id_seq"
    START WITH 1
    INCREMENT BY 1
    NO MINVALUE
    NO MAXVALUE
    CACHE 1
);


--
-- TOC entry 249 (class 1259 OID 32813)
-- Name: Orders; Type: TABLE; Schema: public; Owner: postgres
--

CREATE TABLE public."Orders" (
    "Id" integer NOT NULL,
    "UserId" integer NOT NULL,
    "DateRegistration" timestamp with time zone NOT NULL,
    "Price" numeric NOT NULL,
    "Phone" text NOT NULL,
    "Email" text NOT NULL
);


ALTER TABLE public."Orders" OWNER TO postgres;

--
-- TOC entry 248 (class 1259 OID 32812)
-- Name: Orders_Id_seq; Type: SEQUENCE; Schema: public; Owner: postgres
--

ALTER TABLE public."Orders" ALTER COLUMN "Id" ADD GENERATED BY DEFAULT AS IDENTITY (
    SEQUENCE NAME public."Orders_Id_seq"
    START WITH 1
    INCREMENT BY 1
    NO MINVALUE
    NO MAXVALUE
    CACHE 1
);


--
-- TOC entry 218 (class 1259 OID 24591)
-- Name: Product; Type: TABLE; Schema: public; Owner: postgres
--

CREATE TABLE public."Product" (
);


ALTER TABLE public."Product" OWNER TO postgres;

--
-- TOC entry 236 (class 1259 OID 24700)
-- Name: ProductImages; Type: TABLE; Schema: public; Owner: postgres
--

CREATE TABLE public."ProductImages" (
    "Id" integer NOT NULL,
    "Url" text NOT NULL,
    "isMain" boolean NOT NULL,
    "ProductVariantId" integer NOT NULL
);


ALTER TABLE public."ProductImages" OWNER TO postgres;

--
-- TOC entry 235 (class 1259 OID 24699)
-- Name: ProductImages_Id_seq; Type: SEQUENCE; Schema: public; Owner: postgres
--

ALTER TABLE public."ProductImages" ALTER COLUMN "Id" ADD GENERATED BY DEFAULT AS IDENTITY (
    SEQUENCE NAME public."ProductImages_Id_seq"
    START WITH 1
    INCREMENT BY 1
    NO MINVALUE
    NO MAXVALUE
    CACHE 1
);


--
-- TOC entry 237 (class 1259 OID 24713)
-- Name: ProductSizes; Type: TABLE; Schema: public; Owner: postgres
--

CREATE TABLE public."ProductSizes" (
    "ProductVariantId" integer NOT NULL,
    "Id" integer NOT NULL,
    "SizeId" integer NOT NULL,
    "Quantity" integer NOT NULL
);


ALTER TABLE public."ProductSizes" OWNER TO postgres;

--
-- TOC entry 243 (class 1259 OID 24787)
-- Name: ProductSizes_Id_seq; Type: SEQUENCE; Schema: public; Owner: postgres
--

ALTER TABLE public."ProductSizes" ALTER COLUMN "Id" ADD GENERATED BY DEFAULT AS IDENTITY (
    SEQUENCE NAME public."ProductSizes_Id_seq"
    START WITH 1
    INCREMENT BY 1
    NO MINVALUE
    NO MAXVALUE
    CACHE 1
);


--
-- TOC entry 234 (class 1259 OID 24672)
-- Name: ProductVariants; Type: TABLE; Schema: public; Owner: postgres
--

CREATE TABLE public."ProductVariants" (
    "Id" integer NOT NULL,
    "ProductId" integer NOT NULL,
    "Discount" integer NOT NULL,
    "Price" integer NOT NULL,
    "CareAndWashing" text NOT NULL,
    "ColorId" integer DEFAULT 0 NOT NULL
);


ALTER TABLE public."ProductVariants" OWNER TO postgres;

--
-- TOC entry 233 (class 1259 OID 24671)
-- Name: ProductVariants_Id_seq; Type: SEQUENCE; Schema: public; Owner: postgres
--

ALTER TABLE public."ProductVariants" ALTER COLUMN "Id" ADD GENERATED BY DEFAULT AS IDENTITY (
    SEQUENCE NAME public."ProductVariants_Id_seq"
    START WITH 1
    INCREMENT BY 1
    NO MINVALUE
    NO MAXVALUE
    CACHE 1
);


--
-- TOC entry 245 (class 1259 OID 32783)
-- Name: ProductViews; Type: TABLE; Schema: public; Owner: postgres
--

CREATE TABLE public."ProductViews" (
    "Id" integer NOT NULL,
    "ProductId" integer NOT NULL,
    "Count" integer DEFAULT 0 NOT NULL
);


ALTER TABLE public."ProductViews" OWNER TO postgres;

--
-- TOC entry 244 (class 1259 OID 32782)
-- Name: ProductViews_Id_seq; Type: SEQUENCE; Schema: public; Owner: postgres
--

ALTER TABLE public."ProductViews" ALTER COLUMN "Id" ADD GENERATED BY DEFAULT AS IDENTITY (
    SEQUENCE NAME public."ProductViews_Id_seq"
    START WITH 1
    INCREMENT BY 1
    NO MINVALUE
    NO MAXVALUE
    CACHE 1
);


--
-- TOC entry 232 (class 1259 OID 24649)
-- Name: Products; Type: TABLE; Schema: public; Owner: postgres
--

CREATE TABLE public."Products" (
    "Id" integer NOT NULL,
    "Name" text NOT NULL,
    "Description" text NOT NULL,
    "Article" text NOT NULL,
    "Compound" text NOT NULL,
    "BrandId" integer NOT NULL,
    "CategoryId" integer NOT NULL,
    "GenderTypeId" integer NOT NULL
);


ALTER TABLE public."Products" OWNER TO postgres;

--
-- TOC entry 231 (class 1259 OID 24648)
-- Name: Products_Id_seq; Type: SEQUENCE; Schema: public; Owner: postgres
--

ALTER TABLE public."Products" ALTER COLUMN "Id" ADD GENERATED BY DEFAULT AS IDENTITY (
    SEQUENCE NAME public."Products_Id_seq"
    START WITH 1
    INCREMENT BY 1
    NO MINVALUE
    NO MAXVALUE
    CACHE 1
);


--
-- TOC entry 230 (class 1259 OID 24641)
-- Name: Sizes; Type: TABLE; Schema: public; Owner: postgres
--

CREATE TABLE public."Sizes" (
    "Id" integer NOT NULL,
    "Name" text NOT NULL
);


ALTER TABLE public."Sizes" OWNER TO postgres;

--
-- TOC entry 229 (class 1259 OID 24640)
-- Name: Sizes_Id_seq; Type: SEQUENCE; Schema: public; Owner: postgres
--

ALTER TABLE public."Sizes" ALTER COLUMN "Id" ADD GENERATED BY DEFAULT AS IDENTITY (
    SEQUENCE NAME public."Sizes_Id_seq"
    START WITH 1
    INCREMENT BY 1
    NO MINVALUE
    NO MAXVALUE
    CACHE 1
);


--
-- TOC entry 217 (class 1259 OID 24583)
-- Name: Users; Type: TABLE; Schema: public; Owner: postgres
--

CREATE TABLE public."Users" (
    "Id" integer NOT NULL,
    "Email" text NOT NULL,
    "Password" text NOT NULL,
    "BonusCount" integer DEFAULT 0 NOT NULL,
    "Date" timestamp with time zone,
    "Name" text,
    "NumberPhone" text,
    "SurName" text,
    "DataRegistration" timestamp with time zone DEFAULT '-infinity'::timestamp with time zone NOT NULL,
    "IsLocked" boolean DEFAULT false NOT NULL
);


ALTER TABLE public."Users" OWNER TO postgres;

--
-- TOC entry 216 (class 1259 OID 24582)
-- Name: Users_Id_seq; Type: SEQUENCE; Schema: public; Owner: postgres
--

ALTER TABLE public."Users" ALTER COLUMN "Id" ADD GENERATED BY DEFAULT AS IDENTITY (
    SEQUENCE NAME public."Users_Id_seq"
    START WITH 1
    INCREMENT BY 1
    NO MINVALUE
    NO MAXVALUE
    CACHE 1
);


--
-- TOC entry 215 (class 1259 OID 24577)
-- Name: __EFMigrationsHistory; Type: TABLE; Schema: public; Owner: postgres
--

CREATE TABLE public."__EFMigrationsHistory" (
    "MigrationId" character varying(150) NOT NULL,
    "ProductVersion" character varying(32) NOT NULL
);


ALTER TABLE public."__EFMigrationsHistory" OWNER TO postgres;

--
-- TOC entry 5032 (class 0 OID 24763)
-- Dependencies: 242
-- Data for Name: AdminActs; Type: TABLE DATA; Schema: public; Owner: postgres
--

COPY public."AdminActs" ("Id", "Action", "AdminId") FROM stdin;
1	Просмотр данных о категориях	1
\.


--
-- TOC entry 5030 (class 0 OID 24755)
-- Dependencies: 240
-- Data for Name: Admins; Type: TABLE DATA; Schema: public; Owner: postgres
--

COPY public."Admins" ("Id", "Name", "Surname", "Login", "Password") FROM stdin;
1	Альберт	Зарипов	kamizh	oyBID1NHdr3bXNtUsek9IQo8fRmegKI8GyF4SXsYTHY=
2	Руслан	Галин	ruslan	oyBID1NHdr3bXNtUsek9IQo8fRmegKI8GyF4SXsYTHY=
\.


--
-- TOC entry 5010 (class 0 OID 24596)
-- Dependencies: 220
-- Data for Name: Adresses; Type: TABLE DATA; Schema: public; Owner: postgres
--

COPY public."Adresses" ("Id", "UserId", "City", "Street", "House", "Apartament") FROM stdin;
2	21	Уфа	ул. Транспортная	26/3	59
1	20	Уфа	ул. Транспортная	26/3	22
\.


--
-- TOC entry 5012 (class 0 OID 24609)
-- Dependencies: 222
-- Data for Name: Brands; Type: TABLE DATA; Schema: public; Owner: postgres
--

COPY public."Brands" ("Id", "Name", "Country") FROM stdin;
1	Nike	USA
2	Carhartt	USA
3	The North Face	USA
4	Stone Island	England
5	Fred Perry	Italia
7	New Balance	USA
8	Dickies	USA
9	Bape	Japan
13	CP Company	England
14	Dr. Martiens	Germany
15	Jordan	USA
16	Adidas	Германия
17	Lyle & Scott	Шотландия
18	Henderson	Англия
19	Tommy Jeans	USA
20	Champion	USA
21	Kappa	USA
\.


--
-- TOC entry 5037 (class 0 OID 32797)
-- Dependencies: 247
-- Data for Name: CartItems; Type: TABLE DATA; Schema: public; Owner: postgres
--

COPY public."CartItems" ("Id", "UserId", "ProductVariantId", "Count", "Size") FROM stdin;
\.


--
-- TOC entry 5014 (class 0 OID 24617)
-- Dependencies: 224
-- Data for Name: Categories; Type: TABLE DATA; Schema: public; Owner: postgres
--

COPY public."Categories" ("Id", "Name") FROM stdin;
1	Футболка
2	Худи
3	Ветровка
4	Куртка
5	Пуховик
6	Обувь
7	Рубашка
8	Джинсы
10	Брюки
11	Шорты
12	Майки
13	Домашняя одежда
14	Комбинезоны
15	Нижнее белье
16	Носки и гетры
17	Пиджаки и костюмы
18	Свитеры и свитшоты
\.


--
-- TOC entry 5016 (class 0 OID 24625)
-- Dependencies: 226
-- Data for Name: Colors; Type: TABLE DATA; Schema: public; Owner: postgres
--

COPY public."Colors" ("Id", "Name") FROM stdin;
1	Черный
2	Белый
3	Красный
4	Синий
5	Голубой
6	Коричневый
7	Желтый
8	Фиолетовый
9	Оранжевый
10	Розовый
11	Серый
12	Зеленый
\.


--
-- TOC entry 5028 (class 0 OID 24738)
-- Dependencies: 238
-- Data for Name: FavoriteProducts; Type: TABLE DATA; Schema: public; Owner: postgres
--

COPY public."FavoriteProducts" ("UserId", "ProductVariantId") FROM stdin;
9	3
20	10
20	15
20	17
20	35
20	33
20	25
20	12
22	4
\.


--
-- TOC entry 5018 (class 0 OID 24633)
-- Dependencies: 228
-- Data for Name: GenderTypes; Type: TABLE DATA; Schema: public; Owner: postgres
--

COPY public."GenderTypes" ("Id", "Name") FROM stdin;
1	Мужской
2	Женский
3	Детский
\.


--
-- TOC entry 5041 (class 0 OID 32826)
-- Dependencies: 251
-- Data for Name: OrderItems; Type: TABLE DATA; Schema: public; Owner: postgres
--

COPY public."OrderItems" ("Id", "ProductVariantId", "OrderId", "Price", "Count", "Size") FROM stdin;
1	4	1	14900	1	S
2	8	1	7999	1	S
3	8	2	7999	1	S
4	10	2	6199	1	S
5	24	3	14999	2	S
6	4	4	14900	1	S
7	6	5	7999	1	S
8	28	6	17499	1	S
9	25	7	10399	2	XL
10	33	8	2511	1	XL
11	8	9	7999	1	L
12	37	10	2199	1	M
13	15	11	12999	1	M
14	13	12	3899	1	L
\.


--
-- TOC entry 5039 (class 0 OID 32813)
-- Dependencies: 249
-- Data for Name: Orders; Type: TABLE DATA; Schema: public; Owner: postgres
--

COPY public."Orders" ("Id", "UserId", "DateRegistration", "Price", "Phone", "Email") FROM stdin;
1	22	2025-05-23 18:26:07.605385+05	16800	89867060799	kamizh@ru.ru
2	22	2025-05-23 21:07:04.299824+05	13768	73333334343	kamizh@ru.ru
3	22	2025-05-23 21:17:14.232021+05	22998	79483843848	kamizh@ru.ru
4	22	2025-05-23 21:22:26.907016+05	12420	74354546565	kamizh@ru.ru
5	22	2025-05-23 21:25:01.410554+05	6179	79999999999	kamizh@ru.ru
6	22	2025-05-23 21:26:35.847379+05	16774	78888888888	kamizh@ru.ru
7	22	2025-05-23 21:29:12.933317+05	14227	77645543434	kamizh@ru.ru
8	22	2025-05-23 21:29:52.309131+05	-222954	74354656565	kamizh@ru.ru
9	22	2025-05-23 21:31:15.506937+05	8499	75555555555	kamizh@ru.ru
10	22	2025-05-23 21:34:19.344406+05	2545	73333333333	kamizh@ru.ru
11	22	2025-05-23 22:29:32.301116+05	6999	75454543545	kamizh@ru.ru
12	20	2025-05-24 14:44:44.723234+05	3899	74854584548	kaka@kaka.ru
\.


--
-- TOC entry 5008 (class 0 OID 24591)
-- Dependencies: 218
-- Data for Name: Product; Type: TABLE DATA; Schema: public; Owner: postgres
--

COPY public."Product"  FROM stdin;
\.


--
-- TOC entry 5026 (class 0 OID 24700)
-- Dependencies: 236
-- Data for Name: ProductImages; Type: TABLE DATA; Schema: public; Owner: postgres
--

COPY public."ProductImages" ("Id", "Url", "isMain", "ProductVariantId") FROM stdin;
11	https://res.cloudinary.com/dr0auhn0v/image/upload/v1745835935/variants/jazeybc7jqdgj4ixlrqf.jpg	t	3
16	https://res.cloudinary.com/dr0auhn0v/image/upload/v1746962811/variants/rntujjcswv4rhihkj3ae.jpg	t	5
17	https://res.cloudinary.com/dr0auhn0v/image/upload/v1746962816/variants/hzjlcnszvp8jgsxdyldk.jpg	f	5
18	https://res.cloudinary.com/dr0auhn0v/image/upload/v1746962819/variants/olssf9o9t5ataj98hvha.jpg	f	5
19	https://res.cloudinary.com/dr0auhn0v/image/upload/v1746962821/variants/m9pxsqjcb3xfm3qjgmux.jpg	f	5
20	https://res.cloudinary.com/dr0auhn0v/image/upload/v1746962826/variants/bj0n4d7inpgar8n4mezw.jpg	f	5
21	https://res.cloudinary.com/dr0auhn0v/image/upload/v1746964403/variants/vdq4hynswcy282n3v5a9.webp	t	6
22	https://res.cloudinary.com/dr0auhn0v/image/upload/v1746964408/variants/tektfei7yltdlrgq6nrv.webp	f	6
23	https://res.cloudinary.com/dr0auhn0v/image/upload/v1746964410/variants/maij1ycxyznanj3kimw0.webp	f	6
24	https://res.cloudinary.com/dr0auhn0v/image/upload/v1746964412/variants/gofbrefwi9rbdugezii2.webp	f	6
25	https://res.cloudinary.com/dr0auhn0v/image/upload/v1746964414/variants/iplr1eqprkmniz3vymns.webp	f	6
30	https://res.cloudinary.com/dr0auhn0v/image/upload/v1746975906/variants/syauknnrnzrzyvvhbasx.webp	t	8
31	https://res.cloudinary.com/dr0auhn0v/image/upload/v1746975910/variants/zfqnqihkilky85qwouhs.webp	f	8
32	https://res.cloudinary.com/dr0auhn0v/image/upload/v1746975913/variants/rlyoactc3wkid1voe8ua.webp	f	8
33	https://res.cloudinary.com/dr0auhn0v/image/upload/v1746975915/variants/nhzijcyuz4c06zusp8sf.webp	f	8
34	https://res.cloudinary.com/dr0auhn0v/image/upload/v1746975917/variants/ujy4afvlujk3xjs1u9wv.webp	f	8
35	https://res.cloudinary.com/dr0auhn0v/image/upload/v1746976179/variants/cauqox8yf5n37b3jl7c2.webp	t	9
36	https://res.cloudinary.com/dr0auhn0v/image/upload/v1746976179/variants/ops0wplswz0ovxvt9dih.webp	f	9
37	https://res.cloudinary.com/dr0auhn0v/image/upload/v1746976180/variants/dpoalied0kexujgbmnix.webp	f	9
38	https://res.cloudinary.com/dr0auhn0v/image/upload/v1746976181/variants/oysk2l5jxgnvpphvedwq.webp	f	9
39	https://res.cloudinary.com/dr0auhn0v/image/upload/v1746976183/variants/auf3wmecks6vctkuav5r.webp	f	9
40	https://res.cloudinary.com/dr0auhn0v/image/upload/v1746976497/variants/byojltsorn67gsn1achi.webp	t	10
41	https://res.cloudinary.com/dr0auhn0v/image/upload/v1746976498/variants/opw4zzjh0jrivxmigpks.webp	f	10
42	https://res.cloudinary.com/dr0auhn0v/image/upload/v1746976499/variants/rxpxisovcodyytsjzmbl.webp	f	10
51	https://res.cloudinary.com/dr0auhn0v/image/upload/v1746962291/variants/gn6arxwd03j370p8ohjb.webp	t	4
52	https://res.cloudinary.com/dr0auhn0v/image/upload/v1746962297/variants/fuzo4m7qrqukirsxxwcd.webp	f	4
53	https://res.cloudinary.com/dr0auhn0v/image/upload/v1746962300/variants/bp5ps60xryyadxjwhyde.webp	f	4
54	https://res.cloudinary.com/dr0auhn0v/image/upload/v1746962304/variants/i1jtzah5db0vyt9nkesy.webp	f	4
55	https://res.cloudinary.com/dr0auhn0v/image/upload/v1747040939/variants/zjdkfxrmbmnylgis4zj4.webp	t	12
56	https://res.cloudinary.com/dr0auhn0v/image/upload/v1747040941/variants/vbcmp2bbjpcfeijxhd9e.webp	f	12
57	https://res.cloudinary.com/dr0auhn0v/image/upload/v1747040944/variants/tl61ofurhgqpfngnlnmh.webp	f	12
58	https://res.cloudinary.com/dr0auhn0v/image/upload/v1747041055/variants/etsdq6oeb0yj5dt8tsxm.webp	t	13
59	https://res.cloudinary.com/dr0auhn0v/image/upload/v1747041060/variants/aewmtfw8tbhhus1q0up7.webp	f	13
60	https://res.cloudinary.com/dr0auhn0v/image/upload/v1747041065/variants/t5ceaqoggxi6thv1v7xj.webp	f	13
61	https://res.cloudinary.com/dr0auhn0v/image/upload/v1747041067/variants/rshjk8zz9yyhigqjf1bk.webp	f	13
62	https://res.cloudinary.com/dr0auhn0v/image/upload/v1747041069/variants/r1jajic1tudnqbv3mk70.webp	f	13
63	https://res.cloudinary.com/dr0auhn0v/image/upload/v1747041302/variants/pdkdefuzljoficnsojdu.webp	t	14
64	https://res.cloudinary.com/dr0auhn0v/image/upload/v1747041303/variants/vpb1kqtmfyw5zrrq2udp.webp	f	14
65	https://res.cloudinary.com/dr0auhn0v/image/upload/v1747041304/variants/lzixgesgmewaunzeocvo.webp	f	14
66	https://res.cloudinary.com/dr0auhn0v/image/upload/v1747041306/variants/pdpob86ewmjg99xnq5do.webp	f	14
67	https://res.cloudinary.com/dr0auhn0v/image/upload/v1747041308/variants/ztrijbmbbikzhybpvcbq.webp	f	14
68	https://res.cloudinary.com/dr0auhn0v/image/upload/v1747041424/variants/my9nhwum2y1llwymshfv.webp	t	15
69	https://res.cloudinary.com/dr0auhn0v/image/upload/v1747041431/variants/vbhxhp0rblzbjmten3dw.webp	f	15
70	https://res.cloudinary.com/dr0auhn0v/image/upload/v1747041437/variants/vn8peo5thaczzcnt9lq1.webp	f	15
71	https://res.cloudinary.com/dr0auhn0v/image/upload/v1747041439/variants/koyxew0nldpvvmyskuhn.webp	f	15
72	https://res.cloudinary.com/dr0auhn0v/image/upload/v1747042033/variants/kofopt4yixr2zlcdynzt.webp	t	16
73	https://res.cloudinary.com/dr0auhn0v/image/upload/v1747042034/variants/ro8mzpgpjni7mjnmjwjb.webp	f	16
74	https://res.cloudinary.com/dr0auhn0v/image/upload/v1747042035/variants/o6d4koybs6bihjr1dmbv.webp	f	16
75	https://res.cloudinary.com/dr0auhn0v/image/upload/v1747042175/variants/h7t5liy7dgzxvlfvfeyi.webp	t	17
76	https://res.cloudinary.com/dr0auhn0v/image/upload/v1747042177/variants/ytqfrt3myfiv4t7pxyg0.webp	f	17
77	https://res.cloudinary.com/dr0auhn0v/image/upload/v1747042179/variants/usvxe99e0u1d8zf9gumy.webp	f	17
78	https://res.cloudinary.com/dr0auhn0v/image/upload/v1747042389/variants/dqsbmcgyhrm4jhc0l8pt.webp	t	18
79	https://res.cloudinary.com/dr0auhn0v/image/upload/v1747042393/variants/dwbeajtmukkhihqlsdqf.webp	f	18
80	https://res.cloudinary.com/dr0auhn0v/image/upload/v1747042394/variants/cm9rv4yoj47gtivonmua.webp	f	18
81	https://res.cloudinary.com/dr0auhn0v/image/upload/v1747042396/variants/ymgdckfkxrjhpbqphq8j.webp	f	18
82	https://res.cloudinary.com/dr0auhn0v/image/upload/v1747042531/variants/wgmh8o6wn0as7vzxjedl.webp	t	19
83	https://res.cloudinary.com/dr0auhn0v/image/upload/v1747042532/variants/hsibmdrsfvp01v5xvgrv.webp	f	19
84	https://res.cloudinary.com/dr0auhn0v/image/upload/v1747042703/variants/kx8rfiometkm155x1viv.webp	t	20
85	https://res.cloudinary.com/dr0auhn0v/image/upload/v1747042704/variants/kiwbsyf7lk437wsl2b2o.webp	f	20
86	https://res.cloudinary.com/dr0auhn0v/image/upload/v1747042706/variants/vlpyjk0qgaptttrw21rc.webp	f	20
87	https://res.cloudinary.com/dr0auhn0v/image/upload/v1747042708/variants/kofbvd3w2lmpvfrllohd.webp	f	20
88	https://res.cloudinary.com/dr0auhn0v/image/upload/v1747042710/variants/wgskyqucwmva1zj5qwhx.webp	f	20
89	https://res.cloudinary.com/dr0auhn0v/image/upload/v1747064664/variants/xmt4nbfcza1naqxdtbgr.webp	t	21
90	https://res.cloudinary.com/dr0auhn0v/image/upload/v1747064664/variants/lmcgwhfetxjmqtth0vga.webp	f	21
91	https://res.cloudinary.com/dr0auhn0v/image/upload/v1747064665/variants/tk7erunydko3f0uxpnv1.webp	f	21
92	https://res.cloudinary.com/dr0auhn0v/image/upload/v1747064666/variants/sz8dx1qxjqfzvbhme1pq.webp	f	21
93	https://res.cloudinary.com/dr0auhn0v/image/upload/v1747064746/variants/crlfpfjdhtcwthf131xx.webp	t	22
94	https://res.cloudinary.com/dr0auhn0v/image/upload/v1747064748/variants/n2ds3ue13at1r6vwu3fs.webp	f	22
95	https://res.cloudinary.com/dr0auhn0v/image/upload/v1747064750/variants/kiozdataamm3ygwy5rvv.webp	f	22
96	https://res.cloudinary.com/dr0auhn0v/image/upload/v1747064752/variants/pzoaiaql9dcvom0kxgix.webp	f	22
97	https://res.cloudinary.com/dr0auhn0v/image/upload/v1747064958/variants/cw3fhinh3zfwm4jw6awa.webp	t	23
98	https://res.cloudinary.com/dr0auhn0v/image/upload/v1747064959/variants/hlpsnlsswrlhukzxeq4e.webp	f	23
99	https://res.cloudinary.com/dr0auhn0v/image/upload/v1747064961/variants/fuhkrzuauftgc3uatkif.webp	f	23
100	https://res.cloudinary.com/dr0auhn0v/image/upload/v1747064964/variants/whrfct1ymqrbqzfhejfp.webp	f	23
101	https://res.cloudinary.com/dr0auhn0v/image/upload/v1747064966/variants/y5tr8vsagtyrdefk7jri.webp	f	23
106	https://res.cloudinary.com/dr0auhn0v/image/upload/v1747065321/variants/vij8temkj8ortogiu5s1.webp	t	25
107	https://res.cloudinary.com/dr0auhn0v/image/upload/v1747065322/variants/a1ayinlph9fpgwmfphm8.webp	f	25
108	https://res.cloudinary.com/dr0auhn0v/image/upload/v1747065326/variants/wvo2riwcwwldzk2ox1oo.webp	f	25
109	https://res.cloudinary.com/dr0auhn0v/image/upload/v1747065329/variants/mw1mvfl7i1ajpvzxonw0.webp	f	25
110	https://res.cloudinary.com/dr0auhn0v/image/upload/v1747065331/variants/lt5lwpeu5n7vrksjjjb0.webp	f	25
116	https://res.cloudinary.com/dr0auhn0v/image/upload/v1747065724/variants/uqbyqckzefcby0gvxfll.webp	t	27
117	https://res.cloudinary.com/dr0auhn0v/image/upload/v1747065725/variants/ucnczyuyec6hmoiptk1f.webp	f	27
118	https://res.cloudinary.com/dr0auhn0v/image/upload/v1747065728/variants/mtssn7xust9ghtqlpinn.webp	f	27
119	https://res.cloudinary.com/dr0auhn0v/image/upload/v1747065944/variants/zyg4xvvbnhyka8rlwqah.webp	t	28
120	https://res.cloudinary.com/dr0auhn0v/image/upload/v1747065945/variants/xrvswsrpcqrv7zjb4zxd.webp	f	28
121	https://res.cloudinary.com/dr0auhn0v/image/upload/v1747065946/variants/kxfllqkp6i54tefysryq.webp	f	28
122	https://res.cloudinary.com/dr0auhn0v/image/upload/v1747065948/variants/rwabykslnur893vp5iws.webp	f	28
123	https://res.cloudinary.com/dr0auhn0v/image/upload/v1747065950/variants/zoqtpgaa422aoyenex64.webp	f	28
124	https://res.cloudinary.com/dr0auhn0v/image/upload/v1747065535/variants/oohnvlgdv4h7ezkvieob.webp	t	26
125	https://res.cloudinary.com/dr0auhn0v/image/upload/v1747065537/variants/zozjpb8ursjn5cgrxlvh.webp	f	26
126	https://res.cloudinary.com/dr0auhn0v/image/upload/v1747065541/variants/ntdu1wm9uub7yhetkt0r.webp	f	26
127	https://res.cloudinary.com/dr0auhn0v/image/upload/v1747065542/variants/zlrdjg9xhrungkdp84fd.webp	f	26
128	https://res.cloudinary.com/dr0auhn0v/image/upload/v1747065159/variants/qvrjhkrkqnwribkg13f2.webp	t	24
129	https://res.cloudinary.com/dr0auhn0v/image/upload/v1747065162/variants/xgozgs2vttkbcbzo8gcg.webp	f	24
130	https://res.cloudinary.com/dr0auhn0v/image/upload/v1747065164/variants/u728a1dqkcvmpufbq7cm.webp	f	24
131	https://res.cloudinary.com/dr0auhn0v/image/upload/v1747066193/variants/zvmwuruwmdfssj3lpzrx.webp	t	29
132	https://res.cloudinary.com/dr0auhn0v/image/upload/v1747066194/variants/i6a0ltzm1eht3ef66sgn.webp	f	29
133	https://res.cloudinary.com/dr0auhn0v/image/upload/v1747066197/variants/bloebyptuxbonhpajm0b.webp	f	29
134	https://res.cloudinary.com/dr0auhn0v/image/upload/v1747066199/variants/fjk9nkt5j77nk6kbqvu5.webp	f	29
135	https://res.cloudinary.com/dr0auhn0v/image/upload/v1747066201/variants/wjing842b87f4k4eclwk.webp	f	29
136	https://res.cloudinary.com/dr0auhn0v/image/upload/v1747066378/variants/g92gibppjsjxbxkkhtdh.webp	t	30
137	https://res.cloudinary.com/dr0auhn0v/image/upload/v1747066379/variants/so87vuwtayoa00bdtpbf.webp	f	30
138	https://res.cloudinary.com/dr0auhn0v/image/upload/v1747066476/variants/iorcpxujdsr4hddoszza.webp	t	31
139	https://res.cloudinary.com/dr0auhn0v/image/upload/v1747066478/variants/huscnescztrkyeows16r.webp	f	31
143	https://res.cloudinary.com/dr0auhn0v/image/upload/v1747066951/variants/f6lswk3m2abgcah3vvxk.webp	t	32
144	https://res.cloudinary.com/dr0auhn0v/image/upload/v1747066952/variants/jo0pxcoy2ku5d4rovdxg.webp	f	32
145	https://res.cloudinary.com/dr0auhn0v/image/upload/v1747066954/variants/ojm3kkkehrzeb9mpkqix.webp	f	32
146	https://res.cloudinary.com/dr0auhn0v/image/upload/v1747067775/variants/l5dvc1hobwuxh4tiat8c.webp	t	33
147	https://res.cloudinary.com/dr0auhn0v/image/upload/v1747067776/variants/vr5iey6chi5zib4d2sqg.webp	f	33
148	https://res.cloudinary.com/dr0auhn0v/image/upload/v1747067778/variants/j6ofjrpiw49akwalyknt.webp	f	33
149	https://res.cloudinary.com/dr0auhn0v/image/upload/v1747067780/variants/ktfer1bviv4xajccjxma.webp	f	33
150	https://res.cloudinary.com/dr0auhn0v/image/upload/v1747067782/variants/h8axe7cf1zanr4pugghn.webp	f	33
151	https://res.cloudinary.com/dr0auhn0v/image/upload/v1747067928/variants/grvoryjr8ezx4rqyb0lg.webp	t	34
152	https://res.cloudinary.com/dr0auhn0v/image/upload/v1747067930/variants/goxdtymjjrs9vzbgyx9v.webp	f	34
153	https://res.cloudinary.com/dr0auhn0v/image/upload/v1747067931/variants/mcjcfxjsknwx5qmfqrwr.webp	f	34
154	https://res.cloudinary.com/dr0auhn0v/image/upload/v1747068107/variants/bs2rvgp74nkuu7m0zoyh.webp	t	35
155	https://res.cloudinary.com/dr0auhn0v/image/upload/v1747068109/variants/bxp1vcxxwo1ko7gtq2kj.webp	f	35
156	https://res.cloudinary.com/dr0auhn0v/image/upload/v1747068110/variants/xbdxqafvdzbpzt3khsvz.webp	f	35
157	https://res.cloudinary.com/dr0auhn0v/image/upload/v1747068112/variants/n5ty9yewh2unsb450zgi.webp	f	35
158	https://res.cloudinary.com/dr0auhn0v/image/upload/v1747068114/variants/oxghuhgrrv4hi3cpurzw.webp	f	35
159	https://res.cloudinary.com/dr0auhn0v/image/upload/v1747068245/variants/utcoqx2tmssyjr3fduuz.webp	t	36
160	https://res.cloudinary.com/dr0auhn0v/image/upload/v1747068247/variants/u3cm3utvifktbtboh5lo.webp	f	36
161	https://res.cloudinary.com/dr0auhn0v/image/upload/v1747068247/variants/z7e2adzo7zrp0cimoadg.webp	f	36
162	https://res.cloudinary.com/dr0auhn0v/image/upload/v1747068248/variants/gtdavx3wgrxqhwihrrcf.webp	f	36
163	https://res.cloudinary.com/dr0auhn0v/image/upload/v1747068251/variants/sq49n8pmrz21hr4r4thf.webp	f	36
164	https://res.cloudinary.com/dr0auhn0v/image/upload/v1747068412/variants/ge4gx9h0bty6cgh5oyo4.webp	t	37
165	https://res.cloudinary.com/dr0auhn0v/image/upload/v1747068413/variants/pr4tpr7sxoreuomqpn5o.webp	f	37
166	https://res.cloudinary.com/dr0auhn0v/image/upload/v1747068512/variants/dgvjgezkw1iabfxnppyy.webp	t	38
167	https://res.cloudinary.com/dr0auhn0v/image/upload/v1747068514/variants/zijdyi6rtg3uvmdnfbcc.webp	f	38
168	https://res.cloudinary.com/dr0auhn0v/image/upload/v1747068516/variants/qidmlvqqyt7mmrlmmlbz.webp	f	38
169	https://res.cloudinary.com/dr0auhn0v/image/upload/v1747068517/variants/r2qbbwcdotqlxzzjbkmw.webp	f	38
\.


--
-- TOC entry 5027 (class 0 OID 24713)
-- Dependencies: 237
-- Data for Name: ProductSizes; Type: TABLE DATA; Schema: public; Owner: postgres
--

COPY public."ProductSizes" ("ProductVariantId", "Id", "SizeId", "Quantity") FROM stdin;
3	21	1	100
3	22	2	100
3	23	3	100
3	24	4	100
3	25	5	100
5	30	2	100
5	31	3	100
5	32	4	100
6	33	1	100
6	34	2	100
6	35	3	100
6	36	4	100
8	40	2	100
8	41	3	100
8	42	4	100
8	43	5	100
9	44	2	100
9	45	3	100
10	46	1	100
10	47	2	100
10	48	3	100
10	49	4	100
4	60	1	100
4	61	2	100
4	62	3	100
4	63	4	100
12	64	1	100
12	65	2	100
12	66	3	100
12	67	4	100
13	68	1	100
13	69	2	100
13	70	3	100
13	71	4	100
13	72	5	100
14	73	1	100
14	74	2	100
14	75	3	100
14	76	4	100
14	77	5	100
15	78	2	100
15	79	3	100
15	80	4	100
16	81	2	100
16	82	3	100
17	83	2	100
17	84	3	100
17	85	4	100
17	86	5	100
18	87	2	100
18	88	3	100
18	89	4	100
19	90	2	100
19	91	3	100
19	92	4	100
19	93	5	100
20	94	2	100
21	95	2	100
21	96	3	100
21	97	4	100
21	98	5	100
22	99	2	100
22	100	3	100
22	101	4	100
22	102	5	100
23	103	2	100
23	104	3	100
23	105	4	100
23	106	5	100
25	111	2	100
25	112	3	100
25	113	4	100
25	114	5	100
27	116	2	100
27	117	3	100
27	118	4	100
27	119	5	100
28	120	2	100
28	121	1	100
28	122	3	100
28	123	4	100
28	124	5	100
26	125	4	100
24	126	2	100
24	127	3	100
24	128	4	100
24	129	5	100
29	130	2	100
29	131	3	100
29	132	4	100
29	133	5	100
30	134	1	100
30	135	2	100
30	136	3	100
30	137	4	100
30	138	5	100
31	139	1	100
31	140	2	100
31	141	3	100
31	142	4	100
31	143	5	100
32	148	1	100
32	149	2	100
32	150	3	100
32	151	4	100
32	152	5	100
33	153	1	15
33	154	2	15
33	155	3	15
33	156	4	15
33	157	5	15
34	158	1	15
34	159	2	15
34	160	3	15
34	161	4	15
34	162	5	15
35	163	1	15
35	164	2	15
35	165	3	15
35	166	4	15
35	167	5	15
36	168	2	15
36	169	3	15
36	170	4	15
36	171	5	15
37	172	1	15
37	173	2	15
37	174	3	15
37	175	4	15
37	176	5	15
38	177	1	15
38	178	2	15
38	179	3	15
38	180	4	15
38	181	5	15
\.


--
-- TOC entry 5024 (class 0 OID 24672)
-- Dependencies: 234
-- Data for Name: ProductVariants; Type: TABLE DATA; Schema: public; Owner: postgres
--

COPY public."ProductVariants" ("Id", "ProductId", "Discount", "Price", "CareAndWashing", "ColorId") FROM stdin;
3	1	10	9790	деликатная машинная стирка	2
5	10	10	19900	желательно отдавать в химчистку	4
6	11	29	7999	классический	2
8	13	0	7999	обычная	2
9	13	29	7999	указано на бирке	8
10	14	15	6199	указано на бирке	2
4	9	20	14900	В стиральной машине с температурой 30 градусов	11
12	17	14	3499	Указано на бирке	1
13	17	0	3899	Указано на бирке	6
14	18	7799	12999	Указано на бирке	1
15	19	50	12999	Указано на бирке	11
16	20	7	4999	Указано на бирке	2
17	20	7	4999	Указано на бирке	1
18	21	72	12490	Указано на бирке	11
19	22	7	1799	Указано на бирке	11
20	23	37	21999	Указано на бирке	1
21	24	38	25499	Указано на бирке	2
22	24	40	25499	Указано на бирке	5
23	25	7	15799	Указано на бирке 	2
24	26	25	14999	Полиэстер - 100%	4
25	27	34	10399	Указано на бирке	2
26	28	25	12999	Указано на бирке	4
27	29	7	18999	Указано на бирке	5
28	30	7	17499	Указано на бирке	2
29	31	29	17400	Указано на бирке	5
30	32	2187	5999	Указано на бирке	4
31	33	4377	8999	Указано на бирке	4
32	34	7	1999	Указано на бирке	4
33	35	8999	2511	Указано на бирке	12
34	36	2511	4499	Указано на бирке	12
35	37	7812	10399	Указано на бирке	4
36	38	35	30499	Указано на бирке	12
37	39	7	2199	Указано на бирке	11
38	40	25	5099	Указано на бирке	4
\.


--
-- TOC entry 5035 (class 0 OID 32783)
-- Dependencies: 245
-- Data for Name: ProductViews; Type: TABLE DATA; Schema: public; Owner: postgres
--

COPY public."ProductViews" ("Id", "ProductId", "Count") FROM stdin;
32	38	2
22	28	1
10	16	0
15	21	0
16	22	0
17	23	0
18	24	0
19	25	0
25	31	0
26	32	0
27	33	0
28	34	0
30	36	0
1	1	18
31	37	9
14	20	11
34	40	3
8	14	7
20	26	4
5	11	2
24	30	1
21	27	4
29	35	113
33	39	1
23	29	2
12	18	1
3	9	41
7	13	36
11	17	30
13	19	4
4	10	114
\.


--
-- TOC entry 5022 (class 0 OID 24649)
-- Dependencies: 232
-- Data for Name: Products; Type: TABLE DATA; Schema: public; Owner: postgres
--

COPY public."Products" ("Id", "Name", "Description", "Article", "Compound", "BrandId", "CategoryId", "GenderTypeId") FROM stdin;
13	Футболка Chase T-Shirt	Carhartt WIP — европейское подразделение американской компании Carhartt, основанной в 1889 году для производства рабочей одежды. В 1994 году основатель марки Эдвин Фаэ получил лицензию на создание линии Carhartt WIP, адаптируя классические элементы рабочей одежды для современного городского стиля. Сотрудничество с артистами и субкультурами, такими как хип-хоп и скейтбординг, быстро сделало бренд символом уличной моды. Сегодня в ассортименте марки куртки, брюки и аксессуары, выпускаемые в лимитированных дропах.\r\n\r\n	RTLAEE871501	Органический хлопок - 100%	2	1	2
1	Рубашка классическая	Классическая рубашка в белом цвете	DJS3JFDD	100% cootton	5	7	1
9	Безурукавка демисезонная	классическая жилетка в исполнении легендарного бренда	e43fFF	100% cotton	4	4	1
10	Ветровка Stone Island Heat Reactive Lamy 41599 синяя	Ветровка с капюшоном изготовлена из сверхлегкого нейлонового тела, связанного с наружной термочувствительной полиуретановой пленкой, которая меняет цвет в зависимости от температуры. Микроинкапсулированные цветные молекулы пигмента, встроенные в ткань, постепенно мутируют и затемняют свой цвет при повышении температуры, возвращаясь к своему первоначальному цвету при падении температуры: от желтого до оранжевого, от светло-голубого до синего. Нижняя часть изделия выполнена из эластичного льна.	761541599 V0022	Верхняя часть - 100% полиамид/нейлон 	4	4	1
11	Лонгслив Grayson T-Shirt	Carhartt WIP — европейское подразделение американской компании Carhartt, основанной в 1889 году для производства рабочей одежды. В 1994 году основатель марки Эдвин Фаэ получил лицензию на создание линии Carhartt WIP, адаптируя классические элементы рабочей одежды для современного городского стиля. Сотрудничество с артистами и субкультурами, такими как хип-хоп и скейтбординг, быстро сделало бренд символом уличной моды. Сегодня в ассортименте марки куртки, брюки и аксессуары, выпускаемые в лимитированных дропах.	RTLAEE873301	Хлопок - 100%	2	1	2
14	Футболка JUMPMAN FLIGHT HBR TEE	Nike, Inc. [ примечание 1 ] (стилизовано как NIKE ) — американская корпорация по производству спортивной обуви и одежды со штаб-квартирой недалеко от Бивертона, штат Орегон . [ 6 ] Это крупнейший в мире поставщик спортивной обуви и одежды и крупный производитель спортивного инвентаря с выручкой более 46 миллиардов долларов США в 2022 финансовом году. [ 7 ] [ 8 ]\r\n\r\n	MP002XM0BPG7	Хлопок - 100%	1	1	1
16	Толстовка	Stone Island — итальянский дом моды класса люкс , специализирующийся на мужской одежде, верхней одежде и аксессуарах, со штаб-квартирой в Раварино, Эмилия-Романья . Его основной брендинг включает в себя морскую звезду и компас, оба из которых напечатаны или наложены поверх тканевой нашивки на кнопках с зелеными, желтыми и черными деталями.\r\n\r\n	RTLAED177701	Хлопок - 100%	4	2	2
17	Футболка MAPLETON	Williamson-Dickie Mfg. Co. — американская [ 2 ] компания по производству одежды, известная прежде всего своим крупнейшим брендом Dickies. Williamson-Dickie Europe, первоначально называвшаяся Clares, была основана в 1900 году в Уэллсе, Сомерсет , Великобритания, для обеспечения сельскохозяйственной промышленности оборудованием и рабочей одеждой. Американское корпоративное подразделение было основано в Форт-Уэрте, Техас , в 1922 году CN Williamson и EE «Colonel» Dickie, которые основали компанию по производству джинсовых комбинезонов, продававшую рабочую одежду фермерам и ранчо по всему Юго-Западу. Сегодня Dickies — это глобальный бренд, представленный в более чем 100 странах, который проектирует, производит и продает рабочую одежду для автомобильной , гостиничной , строительной и медицинской отраслей . [ 3 ]\r\n\r\n	RTLADN663001	Хлопок - 100%	8	1	1
18	Толстовка FULLZIP	Спортивный бренд, вдохновляющий людей создавать будущее спорта вместе.\r\n	RTLAEA233101	Хлопок - 83%, Полиэстер - 17%	16	2	1
19	Куртка утепленная ESS INS HYB JKT	Куртка выполнена из ткани софтшелл и стеганого текстиля с искусственным утеплителем. Модель укороченного прямого кроя. Детали: застежка на молнии, воротник-стойка, несъемный капюшон, 2 кармана.\r\n	RTLADB420401	Полиэстер - 100%	16	4	1
20	Футболка M S/S Essential Oversize Tee	The North Face — американская компания , занимающаяся товарами для активного отдыха . The North Face производит одежду, обувь и сопутствующее оборудование для активного отдыха. Компания была основана в 1968 году для снабжения альпинистов. [ 2 ] Логотип компании [ 3 ] черпает вдохновение в Half Dome , уникальном скальном образовании, возвышающемся более чем на 8700 футов (2700 м) над уровнем моря в национальном парке Йосемити . [ 4 ] К концу 1990-х годов лейбл вышел за рамки любителей активного отдыха, сосредоточившись на уличной моде, а с 2000-х годов он считается символом уличного стиля. В 2000 году его купила корпорация VF . [ 5 ] [ 6 ]\r\n\r\n	RTLADI517202	хлопок 100%	3	1	1
21	Джемпер Cable Crew Neck Jumper	Lyle & Scott — шотландский бренд с 150-летней историей, известный своим качественным трикотажем и стильными коллекциями. Основанный в 1874 году, бренд сочетает традиции с современными трендами, делая акцент на высокое качество и комфорт. Каждая деталь в одежде Lyle & Scott продумана для максимального удобства, а мягкие материалы и классический стиль делают её идеальной для повседневного гардероба и спорта. Логотип с золотым орлом передаёт наследие и статус бренда, оставаясь выбором тех, кто ценит традиции и высочайшее качество.\r\n\r\n	MP002XM0C80P	Хлопок - 55%, Полиамид - 42%, Эластан - 3%	17	18	1
22	Трусы 2 шт.	Дом моды предлагает мужчинам элегантную и стильную коллекцию для работы, отдыха и торжеств\r\n	MP002XM1RMX7	Хлопок - 95%, Лайкра - 5%	18	15	1
23	Куртка утепленная WALDENBURG	Williamson-Dickie Mfg. Co. — американская [ 2 ] компания по производству одежды, известная прежде всего своим крупнейшим брендом Dickies. Williamson-Dickie Europe, первоначально называвшаяся Clares, была основана в 1900 году в Уэллсе, Сомерсет , Великобритания, для обеспечения сельскохозяйственной промышленности оборудованием и рабочей одеждой. Американское корпоративное подразделение было основано в Форт-Уэрте, Техас , в 1922 году CN Williamson и EE «Colonel» Dickie, которые основали компанию по производству джинсовых комбинезонов, продававшую рабочую одежду фермерам и ранчо по всему Юго-Западу. Сегодня Dickies — это глобальный бренд, представленный в более чем 100 странах, который проектирует, производит и продает рабочую одежду для автомобильной , гостиничной , строительной и медицинской отраслей . [ 3 ]\r\n\r\n	RTLADS703601	Полиамид - 100%	8	4	1
24	Куртка джинсовая MADISON	Куртка выполнена из денима. Детали: застежка на пуговицы-болты, трикотажный капюшон на пуговицах, нагрудные карманы на пуговицах.\r\n	RTLADN694101	Хлопок - 100%	8	4	1
25	Брюки M NSE PANT	The North Face — американская компания , занимающаяся товарами для активного отдыха . The North Face производит одежду, обувь и сопутствующее оборудование для активного отдыха. Компания была основана в 1968 году для снабжения альпинистов. [ 2 ] Логотип компании [ 3 ] черпает вдохновение в Half Dome , уникальном скальном образовании, возвышающемся более чем на 8700 футов (2700 м) над уровнем моря в национальном парке Йосемити . [ 4 ] К концу 1990-х годов лейбл вышел за рамки любителей активного отдыха, сосредоточившись на уличной моде, а с 2000-х годов он считается символом уличного стиля. В 2000 году его купила корпорация VF . [ 5 ] [ 6 ]\r\n\r\n	RTLAEG596501	Хлопок - 62%, Нейлон - 38%	3	10	1
26	Брюки спортивные Tnf X Yinka Ilori	The North Face — американская компания , занимающаяся товарами для активного отдыха . The North Face производит одежду, обувь и сопутствующее оборудование для активного отдыха. Компания была основана в 1968 году для снабжения альпинистов. [ 2 ] Логотип компании [ 3 ] черпает вдохновение в Half Dome , уникальном скальном образовании, возвышающемся более чем на 8700 футов (2700 м) над уровнем моря в национальном парке Йосемити . [ 4 ] К концу 1990-х годов лейбл вышел за рамки любителей активного отдыха, сосредоточившись на уличной моде, а с 2000-х годов он считается символом уличного стиля. В 2000 году его купила корпорация VF . [ 5 ] [ 6 ]\r\n\r\n	RTLADV792201	Полиэстер - 100%	3	10	1
27	Худи M FINE HOODIE	The North Face — американская компания , занимающаяся товарами для активного отдыха . The North Face производит одежду, обувь и сопутствующее оборудование для активного отдыха. Компания была основана в 1968 году для снабжения альпинистов. [ 2 ] Логотип компании [ 3 ] черпает вдохновение в Half Dome , уникальном скальном образовании, возвышающемся более чем на 8700 футов (2700 м) над уровнем моря в национальном парке Йосемити . [ 4 ] К концу 1990-х годов лейбл вышел за рамки любителей активного отдыха, сосредоточившись на уличной моде, а с 2000-х годов он считается символом уличного стиля. В 2000 году его купила корпорация VF . [ 5 ] [ 6 ]\r\n\r\n	RTLAEF066701	Хлопок - 68%, Полиэстер - 32%	3	2	1
28	Олимпийка M GLACIER HVWT FZ JKT	The North Face — американская компания , занимающаяся товарами для активного отдыха . The North Face производит одежду, обувь и сопутствующее оборудование для активного отдыха. Компания была основана в 1968 году для снабжения альпинистов. [ 2 ] Логотип компании [ 3 ] черпает вдохновение в Half Dome , уникальном скальном образовании, возвышающемся более чем на 8700 футов (2700 м) над уровнем моря в национальном парке Йосемити . [ 4 ] К концу 1990-х годов лейбл вышел за рамки любителей активного отдыха, сосредоточившись на уличной моде, а с 2000-х годов он считается символом уличного стиля. В 2000 году его купила корпорация VF . [ 5 ] [ 6 ]\r\n\r\n	RTLAED742201	Полиэстер - 100%	3	2	1
29	Джинсы	Carhartt WIP — европейское подразделение американской компании Carhartt, основанной в 1889 году для производства рабочей одежды. В 1994 году основатель марки Эдвин Фаэ получил лицензию на создание линии Carhartt WIP, адаптируя классические элементы рабочей одежды для современного городского стиля. Сотрудничество с артистами и субкультурами, такими как хип-хоп и скейтбординг, быстро сделало бренд символом уличной моды. Сегодня в ассортименте марки куртки, брюки и аксессуары, выпускаемые в лимитированных дропах.\r\n\r\n	RTLACU014201	Хлопок - 100%	2	8	1
30	Джинсы JAIMIE RLXD STR	Tommy Hilfiger BV ( / h ɪ l ˈ f ɪ ɡ ər / ; hil- FIG -ər ), ранее известный как Tommy Hilfiger Corporation и Tommy Hilfiger Inc. , является американским брендом одежды, который производит одежду и лицензионные продукты, такие как обувь , аксессуары , парфюмерия и предметы домашнего обихода. [ 3 ] Компания была основана в 1985 году, [ 4 ] и ее товары продаются в универмагах и более чем 2000 отдельно стоящих розничных магазинах в 100 странах. [ 5 ]\r\n\r\n	RTLAEG708401	Хлопок - 99%, Эластан - 1%	19	8	1
31	Куртка	Куртка выполнена из текстиля. Модель прямого кроя. Детали: застежка на молнию, 2 внешних кармана, трикотажные манжеты и низ изделия, несъемный капюшон на кулиске.\r\n	RTLAEC035801	Хлопок - 100%	8	4	1
32	Рубашка джинсовая	Дом моды предлагает мужчинам элегантную и стильную коллекцию для работы, отдыха и торжеств\r\n	MP002XM2594W	Хлопок - 65%, Вискоза - 35%	18	7	1
33	Рубашка	Дом моды предлагает мужчинам элегантную и стильную коллекцию для работы, отдыха и торжеств\r\n	MP002XM00MSD	Хлопок - 60%, Полиэстер - 36%, Эластан - 4%	18	7	1
34	Трусы 2 шт.	Дом моды предлагает мужчинам элегантную и стильную коллекцию для работы, отдыха и торжеств\r\n	MP002XM1RMX3	Модал - 95%, Лайкра - 5%	18	15	1
35	Свитшот	Champion (также стилизованное под Champion USA ) — бренд одежды , специализирующийся на спортивной одежде , принадлежащий и продаваемый американской компанией по производству одежды Hanesbrands (базирующейся в Уинстон-Сейлеме , Северная Каролина ), которая была выделена корпорацией Sara Lee в 2006 году. Первоначально компания базировалась в Рочестере , штат Нью-Йорк , до ее приобретения корпорацией Sara Lee в 1989 году. [ 2 ] Champion — второй по величине бренд Hanes.\r\n\r\n	RTLAEA982201	Полиэстер - 95%, Спандекс - 5%	20	2	2
36	Брюки спортивные	Насыщенный ритм современной жизни предлагает все больше увлекательных возможностей. На компромиссы попросту жалко времени — выбираем только самое интересное, самое удобное, самое эффективное! Именно такую философию исповедует Kappa, бренд с почти вековой историей. Многолетнее спонсорство самых успешных футбольных клубов и олимпийских сборных сделало бренд Kappa синонимом победы. Но, несмотря на то, что одежда и обувь с узнаваемым «парным» логотипом уже давно получила статус культовой, Kappa находится в постоянном поиске новых идей, предлагая своим покупателям самые актуальные, стильные и технически совершенные решения. Одежда, обувь и аксессуары марки Kappa — это больше, чем просто вещи. Это проявление индивидуальности и демонстрация внутренней свободы. Kappa: люди в движении!\r\n\r\n	MP002XW0WH8V	Хлопок - 73%, Полиэстер - 27%	21	10	2
37	Брюки спортивные W ESSENTIAL RELAXED STR	The North Face — американская компания , занимающаяся товарами для активного отдыха . The North Face производит одежду, обувь и сопутствующее оборудование для активного отдыха. Компания была основана в 1968 году для снабжения альпинистов. [ 2 ] Логотип компании [ 3 ] черпает вдохновение в Half Dome , уникальном скальном образовании, возвышающемся более чем на 8700 футов (2700 м) над уровнем моря в национальном парке Йосемити . [ 4 ] К концу 1990-х годов лейбл вышел за рамки любителей активного отдыха, сосредоточившись на уличной моде, а с 2000-х годов он считается символом уличного стиля. В 2000 году его купила корпорация VF . [ 5 ] [ 6 ]\r\n\r\n	RTLAED743301	Хлопок - 68%, Полиэстер - 32%	3	10	2
39	Футболка	Футболка из хлопка с добавлением эластана. Детали: приталенный крой, контрастный дизайн.\r\n	MP002XW0SQ6Z	Хлопок - 90%, Эластан - 10%	20	1	2
38	Куртка утепленная W LIMBARA INS JKT	The North Face — американская компания , занимающаяся товарами для активного отдыха . The North Face производит одежду, обувь и сопутствующее оборудование для активного отдыха. Компания была основана в 1968 году для снабжения альпинистов. [ 2 ] Логотип компании [ 3 ] черпает вдохновение в Half Dome , уникальном скальном образовании, возвышающемся более чем на 8700 футов (2700 м) над уровнем моря в национальном парке Йосемити . [ 4 ] К концу 1990-х годов лейбл вышел за рамки любителей активного отдыха, сосредоточившись на уличной моде, а с 2000-х годов он считается символом уличного стиля. В 2000 году его купила корпорация VF . [ 5 ] [ 6 ]\r\n\r\n	RTLAEF067301	Полиэстер - 100%	3	4	2
40	Поло	Champion (также стилизованное под Champion USA ) — бренд одежды , специализирующийся на спортивной одежде , принадлежащий и продаваемый американской компанией по производству одежды Hanesbrands (базирующейся в Уинстон-Сейлеме , Северная Каролина ), которая была выделена корпорацией Sara Lee в 2006 году. Первоначально компания базировалась в Рочестере , штат Нью-Йорк , до ее приобретения корпорацией Sara Lee в 1989 году. [ 2 ] Champion — второй по величине бренд Hanes.\r\n\r\n	RTLAEH831601	Хлопок - 95%, Эластан - 5%	20	1	2
\.


--
-- TOC entry 5020 (class 0 OID 24641)
-- Dependencies: 230
-- Data for Name: Sizes; Type: TABLE DATA; Schema: public; Owner: postgres
--

COPY public."Sizes" ("Id", "Name") FROM stdin;
1	XS
2	S
3	M
4	L
5	XL
\.


--
-- TOC entry 5007 (class 0 OID 24583)
-- Dependencies: 217
-- Data for Name: Users; Type: TABLE DATA; Schema: public; Owner: postgres
--

COPY public."Users" ("Id", "Email", "Password", "BonusCount", "Date", "Name", "NumberPhone", "SurName", "DataRegistration", "IsLocked") FROM stdin;
13	kamizh	oyBID1NHdr3bXNtUsek9IQo8fRmegKI8GyF4SXsYTHY=	1228	1997-09-09 00:00:00+06	Артемий	89373678978	Жижка	2025-04-14 13:30:57.559339+05	t
11	dzonsnow2@gmail.com	jDNwHJMcHJA5qiBIPv0m0aN15hAVjvYocggsTNPJHrw=	200	1998-06-07 00:00:00+06	Анатолий	89174567898	Филипывч	-infinity	f
9	dartentart@gmail.com	ADtT2VCAaJa9tNI/1jyvpgS0le9cWOK0450BKsekRW8=	200	2006-12-11 00:00:00+05	Альберт\n	89867060729	Зарипов\n	-infinity	f
14	albert2508@gmail.com	JRbkKdqhX2EQDDCREcMwXeJJSq/f4tchjaio+BzzkmY=	0	\N	\N	\N	\N	2025-05-09 19:10:06.260397+05	f
15	albert2507@gmail.com	+LtyIlRShhg3ZR3ghu1H/zLv/Jfg4tYrbaZgBGHpZ0o=	0	\N	\N	\N	\N	2025-05-09 19:17:55.514958+05	f
16	darten@mail.ru	xc+mC1gGtkeyOe0fJn7eegtAAHJcqlEf7sZI2eVnpKU=	0	\N	\N	\N	\N	2025-05-09 19:19:20.083862+05	f
17	kamizh@mail.ru	kpaPDhCrOOQbMyi9MQmoMt7py8a8LRK5sy3JfU70WSo=	0	\N	\N	\N	\N	2025-05-15 15:33:28.259662+05	f
18	mail@mail.ru	wksoM3Qti9Yxtmwv4cqrEBUD8DB/enPWsIABWSv1Kao=	0	\N	\N	\N	\N	2025-05-15 19:48:13.40457+05	f
19	email@gmail.com	VtlYaO31iETwuFBq+pZyqVoIdFSHT8GygmBX3OcW9CI=	0	\N	\N	\N	\N	2025-05-16 20:49:47.154048+05	f
20	kaka@kaka.ru	ERI38Nj+oswonxpgX6N1O7R2sfRewoZqgPm6d6W0R68=	0	2025-05-21 14:54:36.738166+05	albertti	\N	zaripetti	2025-05-16 20:50:55.539245+05	f
21	cool@mail.ru	GNOAxAcPMCTnmrNFj7xlRvLs4Ozk8VHzseuuboadDas=	0	2025-05-21 16:56:18.854677+05	Тест	\N	Тестович	2025-05-20 18:33:07.544838+05	f
22	kamizh@ru.ru	vSon8fbFBh2zQYKNogw+LDuWxJFgwg80DPkIfQvmuRI=	0	\N	\N	\N	\N	2025-05-23 16:47:31.834018+05	f
23	feroshii@mail.ru	FlSFNqz06Bk2diT5LYzusVRIPKtrGy3+wc1bQHJr640=	0	\N	\N	\N	\N	2025-05-24 14:33:43.585719+05	f
\.


--
-- TOC entry 5005 (class 0 OID 24577)
-- Dependencies: 215
-- Data for Name: __EFMigrationsHistory; Type: TABLE DATA; Schema: public; Owner: postgres
--

COPY public."__EFMigrationsHistory" ("MigrationId", "ProductVersion") FROM stdin;
20250326172909_InitialCreate	9.0.3
20250411124845_AddProductStructure	9.0.3
20250411131421_AddFavoriteProductFix	9.0.3
20250412125433_AddAdminAndAct	9.0.3
20250412130030_ChangeAdminAndAct	9.0.3
20250414081701_ChangeUser	9.0.3
20250414090920_ChoiceUserTwo	9.0.3
20250415125517_ChoiceProductVariantAndColor	9.0.3
20250415134616_ChoiceProductSize	9.0.3
20250421111932_InctrementForProduct	9.0.3
20250421112624_ProductChangeTheIncrement	9.0.3
20250429092851_NewProductView	9.0.3
20250429094152_ChangeProductView	9.0.3
20250522160040_CreateCart	9.0.3
20250523103512_AddPoleSizeForCartitemAndOrderItem	9.0.3
20250523130930_OrderItemUpdate	9.0.3
\.


--
-- TOC entry 5047 (class 0 OID 0)
-- Dependencies: 241
-- Name: AdminActs_Id_seq; Type: SEQUENCE SET; Schema: public; Owner: postgres
--

SELECT pg_catalog.setval('public."AdminActs_Id_seq"', 1, false);


--
-- TOC entry 5048 (class 0 OID 0)
-- Dependencies: 239
-- Name: Admins_Id_seq; Type: SEQUENCE SET; Schema: public; Owner: postgres
--

SELECT pg_catalog.setval('public."Admins_Id_seq"', 2, true);


--
-- TOC entry 5049 (class 0 OID 0)
-- Dependencies: 219
-- Name: Adresses_Id_seq; Type: SEQUENCE SET; Schema: public; Owner: postgres
--

SELECT pg_catalog.setval('public."Adresses_Id_seq"', 2, true);


--
-- TOC entry 5050 (class 0 OID 0)
-- Dependencies: 221
-- Name: Brands_Id_seq; Type: SEQUENCE SET; Schema: public; Owner: postgres
--

SELECT pg_catalog.setval('public."Brands_Id_seq"', 21, true);


--
-- TOC entry 5051 (class 0 OID 0)
-- Dependencies: 246
-- Name: CartItems_Id_seq; Type: SEQUENCE SET; Schema: public; Owner: postgres
--

SELECT pg_catalog.setval('public."CartItems_Id_seq"', 37, true);


--
-- TOC entry 5052 (class 0 OID 0)
-- Dependencies: 223
-- Name: Categories_Id_seq; Type: SEQUENCE SET; Schema: public; Owner: postgres
--

SELECT pg_catalog.setval('public."Categories_Id_seq"', 11, true);


--
-- TOC entry 5053 (class 0 OID 0)
-- Dependencies: 225
-- Name: Colors_Id_seq; Type: SEQUENCE SET; Schema: public; Owner: postgres
--

SELECT pg_catalog.setval('public."Colors_Id_seq"', 11, true);


--
-- TOC entry 5054 (class 0 OID 0)
-- Dependencies: 227
-- Name: GenderTypes_Id_seq; Type: SEQUENCE SET; Schema: public; Owner: postgres
--

SELECT pg_catalog.setval('public."GenderTypes_Id_seq"', 3, true);


--
-- TOC entry 5055 (class 0 OID 0)
-- Dependencies: 250
-- Name: OrderItems_Id_seq; Type: SEQUENCE SET; Schema: public; Owner: postgres
--

SELECT pg_catalog.setval('public."OrderItems_Id_seq"', 14, true);


--
-- TOC entry 5056 (class 0 OID 0)
-- Dependencies: 248
-- Name: Orders_Id_seq; Type: SEQUENCE SET; Schema: public; Owner: postgres
--

SELECT pg_catalog.setval('public."Orders_Id_seq"', 12, true);


--
-- TOC entry 5057 (class 0 OID 0)
-- Dependencies: 235
-- Name: ProductImages_Id_seq; Type: SEQUENCE SET; Schema: public; Owner: postgres
--

SELECT pg_catalog.setval('public."ProductImages_Id_seq"', 169, true);


--
-- TOC entry 5058 (class 0 OID 0)
-- Dependencies: 243
-- Name: ProductSizes_Id_seq; Type: SEQUENCE SET; Schema: public; Owner: postgres
--

SELECT pg_catalog.setval('public."ProductSizes_Id_seq"', 181, true);


--
-- TOC entry 5059 (class 0 OID 0)
-- Dependencies: 233
-- Name: ProductVariants_Id_seq; Type: SEQUENCE SET; Schema: public; Owner: postgres
--

SELECT pg_catalog.setval('public."ProductVariants_Id_seq"', 38, true);


--
-- TOC entry 5060 (class 0 OID 0)
-- Dependencies: 244
-- Name: ProductViews_Id_seq; Type: SEQUENCE SET; Schema: public; Owner: postgres
--

SELECT pg_catalog.setval('public."ProductViews_Id_seq"', 34, true);


--
-- TOC entry 5061 (class 0 OID 0)
-- Dependencies: 231
-- Name: Products_Id_seq; Type: SEQUENCE SET; Schema: public; Owner: postgres
--

SELECT pg_catalog.setval('public."Products_Id_seq"', 40, true);


--
-- TOC entry 5062 (class 0 OID 0)
-- Dependencies: 229
-- Name: Sizes_Id_seq; Type: SEQUENCE SET; Schema: public; Owner: postgres
--

SELECT pg_catalog.setval('public."Sizes_Id_seq"', 5, true);


--
-- TOC entry 5063 (class 0 OID 0)
-- Dependencies: 216
-- Name: Users_Id_seq; Type: SEQUENCE SET; Schema: public; Owner: postgres
--

SELECT pg_catalog.setval('public."Users_Id_seq"', 23, true);


--
-- TOC entry 4829 (class 2606 OID 24769)
-- Name: AdminActs PK_AdminActs; Type: CONSTRAINT; Schema: public; Owner: postgres
--

ALTER TABLE ONLY public."AdminActs"
    ADD CONSTRAINT "PK_AdminActs" PRIMARY KEY ("Id");


--
-- TOC entry 4826 (class 2606 OID 24761)
-- Name: Admins PK_Admins; Type: CONSTRAINT; Schema: public; Owner: postgres
--

ALTER TABLE ONLY public."Admins"
    ADD CONSTRAINT "PK_Admins" PRIMARY KEY ("Id");


--
-- TOC entry 4795 (class 2606 OID 24602)
-- Name: Adresses PK_Adresses; Type: CONSTRAINT; Schema: public; Owner: postgres
--

ALTER TABLE ONLY public."Adresses"
    ADD CONSTRAINT "PK_Adresses" PRIMARY KEY ("Id");


--
-- TOC entry 4797 (class 2606 OID 24615)
-- Name: Brands PK_Brands; Type: CONSTRAINT; Schema: public; Owner: postgres
--

ALTER TABLE ONLY public."Brands"
    ADD CONSTRAINT "PK_Brands" PRIMARY KEY ("Id");


--
-- TOC entry 4836 (class 2606 OID 32801)
-- Name: CartItems PK_CartItems; Type: CONSTRAINT; Schema: public; Owner: postgres
--

ALTER TABLE ONLY public."CartItems"
    ADD CONSTRAINT "PK_CartItems" PRIMARY KEY ("Id");


--
-- TOC entry 4799 (class 2606 OID 24623)
-- Name: Categories PK_Categories; Type: CONSTRAINT; Schema: public; Owner: postgres
--

ALTER TABLE ONLY public."Categories"
    ADD CONSTRAINT "PK_Categories" PRIMARY KEY ("Id");


--
-- TOC entry 4801 (class 2606 OID 24631)
-- Name: Colors PK_Colors; Type: CONSTRAINT; Schema: public; Owner: postgres
--

ALTER TABLE ONLY public."Colors"
    ADD CONSTRAINT "PK_Colors" PRIMARY KEY ("Id");


--
-- TOC entry 4824 (class 2606 OID 24742)
-- Name: FavoriteProducts PK_FavoriteProducts; Type: CONSTRAINT; Schema: public; Owner: postgres
--

ALTER TABLE ONLY public."FavoriteProducts"
    ADD CONSTRAINT "PK_FavoriteProducts" PRIMARY KEY ("UserId", "ProductVariantId");


--
-- TOC entry 4803 (class 2606 OID 24639)
-- Name: GenderTypes PK_GenderTypes; Type: CONSTRAINT; Schema: public; Owner: postgres
--

ALTER TABLE ONLY public."GenderTypes"
    ADD CONSTRAINT "PK_GenderTypes" PRIMARY KEY ("Id");


--
-- TOC entry 4843 (class 2606 OID 32832)
-- Name: OrderItems PK_OrderItems; Type: CONSTRAINT; Schema: public; Owner: postgres
--

ALTER TABLE ONLY public."OrderItems"
    ADD CONSTRAINT "PK_OrderItems" PRIMARY KEY ("Id");


--
-- TOC entry 4839 (class 2606 OID 32819)
-- Name: Orders PK_Orders; Type: CONSTRAINT; Schema: public; Owner: postgres
--

ALTER TABLE ONLY public."Orders"
    ADD CONSTRAINT "PK_Orders" PRIMARY KEY ("Id");


--
-- TOC entry 4817 (class 2606 OID 24706)
-- Name: ProductImages PK_ProductImages; Type: CONSTRAINT; Schema: public; Owner: postgres
--

ALTER TABLE ONLY public."ProductImages"
    ADD CONSTRAINT "PK_ProductImages" PRIMARY KEY ("Id");


--
-- TOC entry 4821 (class 2606 OID 24789)
-- Name: ProductSizes PK_ProductSizes; Type: CONSTRAINT; Schema: public; Owner: postgres
--

ALTER TABLE ONLY public."ProductSizes"
    ADD CONSTRAINT "PK_ProductSizes" PRIMARY KEY ("Id");


--
-- TOC entry 4814 (class 2606 OID 24678)
-- Name: ProductVariants PK_ProductVariants; Type: CONSTRAINT; Schema: public; Owner: postgres
--

ALTER TABLE ONLY public."ProductVariants"
    ADD CONSTRAINT "PK_ProductVariants" PRIMARY KEY ("Id");


--
-- TOC entry 4832 (class 2606 OID 32787)
-- Name: ProductViews PK_ProductViews; Type: CONSTRAINT; Schema: public; Owner: postgres
--

ALTER TABLE ONLY public."ProductViews"
    ADD CONSTRAINT "PK_ProductViews" PRIMARY KEY ("Id");


--
-- TOC entry 4810 (class 2606 OID 24655)
-- Name: Products PK_Products; Type: CONSTRAINT; Schema: public; Owner: postgres
--

ALTER TABLE ONLY public."Products"
    ADD CONSTRAINT "PK_Products" PRIMARY KEY ("Id");


--
-- TOC entry 4805 (class 2606 OID 24647)
-- Name: Sizes PK_Sizes; Type: CONSTRAINT; Schema: public; Owner: postgres
--

ALTER TABLE ONLY public."Sizes"
    ADD CONSTRAINT "PK_Sizes" PRIMARY KEY ("Id");


--
-- TOC entry 4792 (class 2606 OID 24589)
-- Name: Users PK_Users; Type: CONSTRAINT; Schema: public; Owner: postgres
--

ALTER TABLE ONLY public."Users"
    ADD CONSTRAINT "PK_Users" PRIMARY KEY ("Id");


--
-- TOC entry 4790 (class 2606 OID 24581)
-- Name: __EFMigrationsHistory PK___EFMigrationsHistory; Type: CONSTRAINT; Schema: public; Owner: postgres
--

ALTER TABLE ONLY public."__EFMigrationsHistory"
    ADD CONSTRAINT "PK___EFMigrationsHistory" PRIMARY KEY ("MigrationId");


--
-- TOC entry 4827 (class 1259 OID 24775)
-- Name: IX_AdminActs_AdminId; Type: INDEX; Schema: public; Owner: postgres
--

CREATE INDEX "IX_AdminActs_AdminId" ON public."AdminActs" USING btree ("AdminId");


--
-- TOC entry 4793 (class 1259 OID 24728)
-- Name: IX_Adresses_UserId; Type: INDEX; Schema: public; Owner: postgres
--

CREATE INDEX "IX_Adresses_UserId" ON public."Adresses" USING btree ("UserId");


--
-- TOC entry 4833 (class 1259 OID 32843)
-- Name: IX_CartItems_ProductVariantId; Type: INDEX; Schema: public; Owner: postgres
--

CREATE INDEX "IX_CartItems_ProductVariantId" ON public."CartItems" USING btree ("ProductVariantId");


--
-- TOC entry 4834 (class 1259 OID 32844)
-- Name: IX_CartItems_UserId; Type: INDEX; Schema: public; Owner: postgres
--

CREATE INDEX "IX_CartItems_UserId" ON public."CartItems" USING btree ("UserId");


--
-- TOC entry 4822 (class 1259 OID 24753)
-- Name: IX_FavoriteProducts_ProductVariantId; Type: INDEX; Schema: public; Owner: postgres
--

CREATE INDEX "IX_FavoriteProducts_ProductVariantId" ON public."FavoriteProducts" USING btree ("ProductVariantId");


--
-- TOC entry 4840 (class 1259 OID 32845)
-- Name: IX_OrderItems_OrderId; Type: INDEX; Schema: public; Owner: postgres
--

CREATE INDEX "IX_OrderItems_OrderId" ON public."OrderItems" USING btree ("OrderId");


--
-- TOC entry 4841 (class 1259 OID 32846)
-- Name: IX_OrderItems_ProductVariantId; Type: INDEX; Schema: public; Owner: postgres
--

CREATE INDEX "IX_OrderItems_ProductVariantId" ON public."OrderItems" USING btree ("ProductVariantId");


--
-- TOC entry 4837 (class 1259 OID 32847)
-- Name: IX_Orders_UserId; Type: INDEX; Schema: public; Owner: postgres
--

CREATE INDEX "IX_Orders_UserId" ON public."Orders" USING btree ("UserId");


--
-- TOC entry 4815 (class 1259 OID 24730)
-- Name: IX_ProductImages_ProductVariantId; Type: INDEX; Schema: public; Owner: postgres
--

CREATE INDEX "IX_ProductImages_ProductVariantId" ON public."ProductImages" USING btree ("ProductVariantId");


--
-- TOC entry 4818 (class 1259 OID 24791)
-- Name: IX_ProductSizes_ProductVariantId; Type: INDEX; Schema: public; Owner: postgres
--

CREATE INDEX "IX_ProductSizes_ProductVariantId" ON public."ProductSizes" USING btree ("ProductVariantId");


--
-- TOC entry 4819 (class 1259 OID 24735)
-- Name: IX_ProductSizes_SizeId; Type: INDEX; Schema: public; Owner: postgres
--

CREATE INDEX "IX_ProductSizes_SizeId" ON public."ProductSizes" USING btree ("SizeId");


--
-- TOC entry 4811 (class 1259 OID 24790)
-- Name: IX_ProductVariants_ColorId; Type: INDEX; Schema: public; Owner: postgres
--

CREATE INDEX "IX_ProductVariants_ColorId" ON public."ProductVariants" USING btree ("ColorId");


--
-- TOC entry 4812 (class 1259 OID 24736)
-- Name: IX_ProductVariants_ProductId; Type: INDEX; Schema: public; Owner: postgres
--

CREATE INDEX "IX_ProductVariants_ProductId" ON public."ProductVariants" USING btree ("ProductId");


--
-- TOC entry 4830 (class 1259 OID 32793)
-- Name: IX_ProductViews_ProductId; Type: INDEX; Schema: public; Owner: postgres
--

CREATE INDEX "IX_ProductViews_ProductId" ON public."ProductViews" USING btree ("ProductId");


--
-- TOC entry 4806 (class 1259 OID 24731)
-- Name: IX_Products_BrandId; Type: INDEX; Schema: public; Owner: postgres
--

CREATE INDEX "IX_Products_BrandId" ON public."Products" USING btree ("BrandId");


--
-- TOC entry 4807 (class 1259 OID 24732)
-- Name: IX_Products_CategoryId; Type: INDEX; Schema: public; Owner: postgres
--

CREATE INDEX "IX_Products_CategoryId" ON public."Products" USING btree ("CategoryId");


--
-- TOC entry 4808 (class 1259 OID 24733)
-- Name: IX_Products_GenderTypeId; Type: INDEX; Schema: public; Owner: postgres
--

CREATE INDEX "IX_Products_GenderTypeId" ON public."Products" USING btree ("GenderTypeId");


--
-- TOC entry 4855 (class 2606 OID 24770)
-- Name: AdminActs FK_AdminActs_Admins_AdminId; Type: FK CONSTRAINT; Schema: public; Owner: postgres
--

ALTER TABLE ONLY public."AdminActs"
    ADD CONSTRAINT "FK_AdminActs_Admins_AdminId" FOREIGN KEY ("AdminId") REFERENCES public."Admins"("Id") ON DELETE CASCADE;


--
-- TOC entry 4844 (class 2606 OID 24603)
-- Name: Adresses FK_Adresses_Users_UserId; Type: FK CONSTRAINT; Schema: public; Owner: postgres
--

ALTER TABLE ONLY public."Adresses"
    ADD CONSTRAINT "FK_Adresses_Users_UserId" FOREIGN KEY ("UserId") REFERENCES public."Users"("Id") ON DELETE CASCADE;


--
-- TOC entry 4857 (class 2606 OID 32802)
-- Name: CartItems FK_CartItems_ProductVariants_ProductVariantId; Type: FK CONSTRAINT; Schema: public; Owner: postgres
--

ALTER TABLE ONLY public."CartItems"
    ADD CONSTRAINT "FK_CartItems_ProductVariants_ProductVariantId" FOREIGN KEY ("ProductVariantId") REFERENCES public."ProductVariants"("Id") ON DELETE CASCADE;


--
-- TOC entry 4858 (class 2606 OID 32807)
-- Name: CartItems FK_CartItems_Users_UserId; Type: FK CONSTRAINT; Schema: public; Owner: postgres
--

ALTER TABLE ONLY public."CartItems"
    ADD CONSTRAINT "FK_CartItems_Users_UserId" FOREIGN KEY ("UserId") REFERENCES public."Users"("Id") ON DELETE CASCADE;


--
-- TOC entry 4853 (class 2606 OID 24743)
-- Name: FavoriteProducts FK_FavoriteProducts_ProductVariants_ProductVariantId; Type: FK CONSTRAINT; Schema: public; Owner: postgres
--

ALTER TABLE ONLY public."FavoriteProducts"
    ADD CONSTRAINT "FK_FavoriteProducts_ProductVariants_ProductVariantId" FOREIGN KEY ("ProductVariantId") REFERENCES public."ProductVariants"("Id") ON DELETE CASCADE;


--
-- TOC entry 4854 (class 2606 OID 24748)
-- Name: FavoriteProducts FK_FavoriteProducts_Users_UserId; Type: FK CONSTRAINT; Schema: public; Owner: postgres
--

ALTER TABLE ONLY public."FavoriteProducts"
    ADD CONSTRAINT "FK_FavoriteProducts_Users_UserId" FOREIGN KEY ("UserId") REFERENCES public."Users"("Id") ON DELETE CASCADE;


--
-- TOC entry 4860 (class 2606 OID 32833)
-- Name: OrderItems FK_OrderItems_Orders_OrderId; Type: FK CONSTRAINT; Schema: public; Owner: postgres
--

ALTER TABLE ONLY public."OrderItems"
    ADD CONSTRAINT "FK_OrderItems_Orders_OrderId" FOREIGN KEY ("OrderId") REFERENCES public."Orders"("Id") ON DELETE CASCADE;


--
-- TOC entry 4861 (class 2606 OID 32838)
-- Name: OrderItems FK_OrderItems_ProductVariants_ProductVariantId; Type: FK CONSTRAINT; Schema: public; Owner: postgres
--

ALTER TABLE ONLY public."OrderItems"
    ADD CONSTRAINT "FK_OrderItems_ProductVariants_ProductVariantId" FOREIGN KEY ("ProductVariantId") REFERENCES public."ProductVariants"("Id") ON DELETE CASCADE;


--
-- TOC entry 4859 (class 2606 OID 32820)
-- Name: Orders FK_Orders_Users_UserId; Type: FK CONSTRAINT; Schema: public; Owner: postgres
--

ALTER TABLE ONLY public."Orders"
    ADD CONSTRAINT "FK_Orders_Users_UserId" FOREIGN KEY ("UserId") REFERENCES public."Users"("Id") ON DELETE CASCADE;


--
-- TOC entry 4850 (class 2606 OID 24707)
-- Name: ProductImages FK_ProductImages_ProductVariants_ProductVariantId; Type: FK CONSTRAINT; Schema: public; Owner: postgres
--

ALTER TABLE ONLY public."ProductImages"
    ADD CONSTRAINT "FK_ProductImages_ProductVariants_ProductVariantId" FOREIGN KEY ("ProductVariantId") REFERENCES public."ProductVariants"("Id") ON DELETE CASCADE;


--
-- TOC entry 4851 (class 2606 OID 24792)
-- Name: ProductSizes FK_ProductSizes_ProductVariants_ProductVariantId; Type: FK CONSTRAINT; Schema: public; Owner: postgres
--

ALTER TABLE ONLY public."ProductSizes"
    ADD CONSTRAINT "FK_ProductSizes_ProductVariants_ProductVariantId" FOREIGN KEY ("ProductVariantId") REFERENCES public."ProductVariants"("Id") ON DELETE CASCADE;


--
-- TOC entry 4852 (class 2606 OID 24723)
-- Name: ProductSizes FK_ProductSizes_Sizes_SizeId; Type: FK CONSTRAINT; Schema: public; Owner: postgres
--

ALTER TABLE ONLY public."ProductSizes"
    ADD CONSTRAINT "FK_ProductSizes_Sizes_SizeId" FOREIGN KEY ("SizeId") REFERENCES public."Sizes"("Id") ON DELETE CASCADE;


--
-- TOC entry 4848 (class 2606 OID 24797)
-- Name: ProductVariants FK_ProductVariants_Colors_ColorId; Type: FK CONSTRAINT; Schema: public; Owner: postgres
--

ALTER TABLE ONLY public."ProductVariants"
    ADD CONSTRAINT "FK_ProductVariants_Colors_ColorId" FOREIGN KEY ("ColorId") REFERENCES public."Colors"("Id") ON DELETE CASCADE;


--
-- TOC entry 4849 (class 2606 OID 24679)
-- Name: ProductVariants FK_ProductVariants_Products_ProductId; Type: FK CONSTRAINT; Schema: public; Owner: postgres
--

ALTER TABLE ONLY public."ProductVariants"
    ADD CONSTRAINT "FK_ProductVariants_Products_ProductId" FOREIGN KEY ("ProductId") REFERENCES public."Products"("Id") ON DELETE CASCADE;


--
-- TOC entry 4856 (class 2606 OID 32788)
-- Name: ProductViews FK_ProductViews_Products_ProductId; Type: FK CONSTRAINT; Schema: public; Owner: postgres
--

ALTER TABLE ONLY public."ProductViews"
    ADD CONSTRAINT "FK_ProductViews_Products_ProductId" FOREIGN KEY ("ProductId") REFERENCES public."Products"("Id") ON DELETE CASCADE;


--
-- TOC entry 4845 (class 2606 OID 24656)
-- Name: Products FK_Products_Brands_BrandId; Type: FK CONSTRAINT; Schema: public; Owner: postgres
--

ALTER TABLE ONLY public."Products"
    ADD CONSTRAINT "FK_Products_Brands_BrandId" FOREIGN KEY ("BrandId") REFERENCES public."Brands"("Id") ON DELETE CASCADE;


--
-- TOC entry 4846 (class 2606 OID 24661)
-- Name: Products FK_Products_Categories_CategoryId; Type: FK CONSTRAINT; Schema: public; Owner: postgres
--

ALTER TABLE ONLY public."Products"
    ADD CONSTRAINT "FK_Products_Categories_CategoryId" FOREIGN KEY ("CategoryId") REFERENCES public."Categories"("Id") ON DELETE CASCADE;


--
-- TOC entry 4847 (class 2606 OID 24666)
-- Name: Products FK_Products_GenderTypes_GenderTypeId; Type: FK CONSTRAINT; Schema: public; Owner: postgres
--

ALTER TABLE ONLY public."Products"
    ADD CONSTRAINT "FK_Products_GenderTypes_GenderTypeId" FOREIGN KEY ("GenderTypeId") REFERENCES public."GenderTypes"("Id") ON DELETE CASCADE;


-- Completed on 2025-05-29 13:19:40

--
-- PostgreSQL database dump complete
--

